file_name,network,station,instrument_type,station_lat,station_lon,station_elv,p_arrival_time,p_probability,s_arrival_time,s_probability
HE.ECKF.00.00 | 2025-02-20T17:24:28.680170Z - 2025-02-20T17:25:28.680170Z,,,,,,,,,,
HE.FIC1.00.00 | 2025-01-15T14:13:25.558850Z - 2025-01-15T14:14:25.558850Z,,,,,,,,,,
HE.VRF.00.00 | 2025-01-29T13:05:50.201841Z - 2025-01-29T13:06:50.201841Z,,,,,,,,,,
HE.KORF.00.00 | 2025-02-22T14:41:11.770094Z - 2025-02-22T14:42:11.770094Z,,,,,,,,,,
HE.KEF.00.00 | 2025-01-11T07:12:03.231955Z - 2025-01-11T07:13:03.231955Z,,,,,,,,,,
FN.RNF.00.00 | 2025-01-27T09:48:50.177795Z - 2025-01-27T09:49:50.177795Z,,,,,,,,,,
HE.FIB1.00.00 | 2025-01-26T10:56:26.424703Z - 2025-01-26T10:57:26.424703Z,,,,,,,,,,
HE.MEF.00.00 | 2025-01-05T14:41:38.035830Z - 2025-01-05T14:42:38.035830Z,,,,,,,,,,
HE.NIF.00.00 | 2025-01-03T07:08:13.423213Z - 2025-01-03T07:09:13.423213Z,,,,,,,,,,
HE.FIC3.00.00 | 2025-01-18T20:50:44.721836Z - 2025-01-18T20:51:44.721836Z,,,,,,,,,,
FN.KMNF.00.00 | 2025-02-06T08:26:36.089450Z - 2025-02-06T08:27:36.089450Z,,,,,,,,,,
HE.OBF3.00.00 | 2025-02-20T10:27:21.053252Z - 2025-02-20T10:28:21.053252Z,,,,,,,,,,
HE.FIB4.00.00 | 2025-02-07T19:29:59.302579Z - 2025-02-07T19:30:59.302579Z,,,,,,,,,,
FN.RANF.00.00 | 2025-01-27T12:34:49.934396Z - 2025-01-27T12:35:49.934396Z,,,,,,,,,,
HE.KY02.00.00 | 2025-01-16T23:18:53.193152Z - 2025-01-16T23:19:53.193152Z,,,,,,,,,,
HE.HEL1.00.00 | 2025-02-05T01:37:20.612282Z - 2025-02-05T01:38:20.612282Z,,,,,,,,,,
HE.JOF.00.00 | 2025-02-07T18:19:48.192661Z - 2025-02-07T18:20:48.192661Z,,,,,,,,,,
HE.NUR.00.00 | 2025-02-11T18:06:14.419121Z - 2025-02-11T18:07:14.419121Z,,,,,,,,,,
HE.KIF.00.00 | 2025-02-20T03:51:52.490249Z - 2025-02-20T03:52:52.490249Z,,,,,,,,,,
HE.KU1.00.00 | 2025-02-19T17:35:02.607695Z - 2025-02-19T17:36:02.607695Z,,,,,,,,,,
HE.KJNF.00.00 | 2025-01-15T22:27:40.531821Z - 2025-01-15T22:28:40.531821Z,,,,,,,,,,
HE.OBF3.00.00 | 2025-02-18T09:46:15.588697Z - 2025-02-18T09:47:15.588697Z,,,,,,,,,,
HE.FIB5.00.00 | 2025-02-15T02:06:14.835768Z - 2025-02-15T02:07:14.835768Z,,,,,,,,,,
HE.RMF.00.00 | 2025-01-17T20:44:46.214594Z - 2025-01-17T20:45:46.214594Z,,,,,,,,,,
HE.FIB4.00.00 | 2025-02-17T12:37:31.739527Z - 2025-02-17T12:38:31.739527Z,,,,,,,,,,
HE.RAF.00.00 | 2025-01-31T13:03:15.095061Z - 2025-01-31T13:04:15.095061Z,,,,,,,,,,
HE.NUR.00.00 | 2025-01-15T05:27:42.113098Z - 2025-01-15T05:28:42.113098Z,,,,,,,,,,
HE.PVF.00.00 | 2025-01-18T08:45:06.139259Z - 2025-01-18T08:46:06.139259Z,,,,,,,,,,
HE.KJNF.00.00 | 2025-02-26T16:13:29.811455Z - 2025-02-26T16:14:29.811455Z,,,,,,,,,,
HE.NUR.00.00 | 2025-02-26T17:13:19.655410Z - 2025-02-26T17:14:19.655410Z,,,,,,,,,,
HE.HEF.00.00 | 2025-02-21T22:46:50.102832Z - 2025-02-21T22:47:50.102832Z,,,,,,,,,,
HE.PVF.00.00 | 2025-01-15T14:13:14.969919Z - 2025-01-15T14:14:14.969919Z,,,,,,,,,,
HE.NIF.00.00 | 2025-02-21T21:17:10.713652Z - 2025-02-21T21:18:10.713652Z,,,,,,,,,,
HE.OBF8.00.00 | 2025-02-28T13:22:52.412061Z - 2025-02-28T13:23:52.412061Z,,,,,,,,,,
FN.RNF.00.00 | 2025-01-10T17:52:52.745282Z - 2025-01-10T17:53:52.745282Z,,,,,,,,,,
HE.FIC1.00.00 | 2025-02-03T21:01:32.323279Z - 2025-02-03T21:02:32.323279Z,,,,,,,,,,
HE.OBF3.00.00 | 2025-01-22T18:03:22.572813Z - 2025-01-22T18:04:22.572813Z,,,,,,,,,,
HE.RMF.00.00 | 2025-01-08T11:22:14.209932Z - 2025-01-08T11:23:14.209932Z,,,,,,,,,,
HE.FIB2.00.00 | 2025-01-06T21:42:58.186741Z - 2025-01-06T21:43:58.186741Z,,,,,,,,,,
FN.RAJF.00.00 | 2025-01-25T15:27:17.181354Z - 2025-01-25T15:28:17.181354Z,,,,,,,,,,
FN.OUL.00.00 | 2025-02-09T01:59:05.474191Z - 2025-02-09T02:00:05.474191Z,,,,,,,,,,
HE.VJF.00.00 | 2025-02-18T23:20:59.017563Z - 2025-02-18T23:21:59.017563Z,,,,,,,,,,
HE.KPF.00.00 | 2025-02-23T20:15:20.378170Z - 2025-02-23T20:16:20.378170Z,,,,,,,,,,
HE.FIC1.00.00 | 2025-01-30T09:25:55.487816Z - 2025-01-30T09:26:55.487816Z,,,,,,,,,,
FN.RNF.00.00 | 2025-02-16T17:59:19.889356Z - 2025-02-16T18:00:19.889356Z,,,,,,,,,,
HE.KAF.00.00 | 2025-02-07T09:39:13.309631Z - 2025-02-07T09:40:13.309631Z,,,,,,,,,,
HE.OUF.00.00 | 2025-02-03T22:45:46.492673Z - 2025-02-03T22:46:46.492673Z,,,,,,,,,,
HE.FIA0.00.00 | 2025-02-27T22:24:36.592456Z - 2025-02-27T22:25:36.592456Z,,,,,,,,,,
FN.KMNF.00.00 | 2025-02-25T07:42:16.095163Z - 2025-02-25T07:43:16.095163Z,,,,,,,,,,
HE.PVF.00.00 | 2025-02-01T04:43:44.402910Z - 2025-02-01T04:44:44.402910Z,,,,,,,,,,
